{
  "nDCG@5": 0.3761718786550337,
  "Recall@5": 0.3891919594465891,
  "nDCG@10": 0.40532060296462524,
  "Recall@10": 0.477928994016957
}