{
  "nDCG@5": 0.2870293777969528,
  "Recall@5": 0.29351307985567243,
  "nDCG@10": 0.31091192255443806,
  "Recall@10": 0.36534283617616947
}