{
  "nDCG@5": 0.36746347839283816,
  "Recall@5": 0.38675650481206036,
  "nDCG@10": 0.3950232369677217,
  "Recall@10": 0.47108926738556356
}