{
  "nDCG@5": 0.1446193044928926,
  "Recall@5": 0.16026416142156882,
  "nDCG@10": 0.15906254020182933,
  "Recall@10": 0.20371640961918736
}